Query_read_id,#of matches,match (normalized),jaccard
@NZ_DF158895.1-13289,1,0.00666667,0.000971817
@NZ_DF158882.1-10579106,1,0.00666667,0.000971817
